ID	allele_type
MTBC_1	core
MTBC_2	accessory
MTBC_3	accessory
MTBC_4	core
MTBC_5	core
MTBC_6	core
MTBC_7	core
MTBC_8	core
MTBC_9	core
MTBC_10	core
MTBC_11	core
MTBC_12	core
MTBC_13	core
MTBC_14	accessory
MTBC_15	core
MTBC_16	core
MTBC_17	accessory
MTBC_18	accessory
MTBC_19	accessory
MTBC_20	core
MTBC_21	core
MTBC_22	core
MTBC_23	core
MTBC_24	core
MTBC_25	core
MTBC_26	accessory
MTBC_27	core
MTBC_28	core
MTBC_29	core
MTBC_30	accessory
MTBC_31	core
MTBC_32	core
MTBC_33	accessory
MTBC_34	core
MTBC_35	core
MTBC_36	core
MTBC_37	core
MTBC_38	core
MTBC_39	core
MTBC_40	core
MTBC_41	core
MTBC_42	core
MTBC_43	core
MTBC_44	core
MTBC_45	core
MTBC_46	core
MTBC_47	core
MTBC_48	core
MTBC_49	core
MTBC_50	core
MTBC_51	accessory
MTBC_52	core
MTBC_53	core
MTBC_54	core
MTBC_55	core
MTBC_56	accessory
MTBC_57	core
MTBC_58	core
MTBC_59	core
MTBC_60	core
MTBC_61	core
MTBC_62	core
MTBC_63	accessory
MTBC_64	core
MTBC_65	core
MTBC_66	core
MTBC_67	core
MTBC_68	accessory
MTBC_69	core
MTBC_70	core
MTBC_71	core
MTBC_72	accessory
MTBC_73	core
MTBC_74	core
MTBC_75	core
MTBC_76	core
MTBC_77	accessory
MTBC_78	core
MTBC_79	core
MTBC_80	core
MTBC_81	core
MTBC_82	core
MTBC_83	core
MTBC_84	core
MTBC_85	core
MTBC_86	core
MTBC_87	accessory
MTBC_88	core
MTBC_89	core
MTBC_90	core
MTBC_91	core
MTBC_92	core
MTBC_93	core
MTBC_94	core
MTBC_95	core
MTBC_96	core
MTBC_97	core
MTBC_98	accessory
MTBC_99	core
MTBC_100	core
MTBC_101	core
MTBC_102	core
MTBC_103	core
MTBC_104	core
MTBC_105	core
MTBC_106	core
MTBC_107	core
MTBC_108	core
MTBC_109	accessory
MTBC_110	core
MTBC_111	core
MTBC_112	core
MTBC_113	core
MTBC_114	core
MTBC_115	core
MTBC_116	accessory
MTBC_117	core
MTBC_118	core
MTBC_119	core
MTBC_120	core
MTBC_121	core
MTBC_122	core
MTBC_123	core
MTBC_124	core
MTBC_125	core
MTBC_126	core
MTBC_127	core
MTBC_128	core
MTBC_129	core
MTBC_130	accessory
MTBC_131	core
MTBC_132	accessory
MTBC_133	core
MTBC_134	core
MTBC_135	core
MTBC_136	accessory
MTBC_137	core
MTBC_138	core
MTBC_139	accessory
MTBC_140	core
MTBC_141	core
MTBC_142	core
MTBC_143	core
MTBC_144	core
MTBC_145	core
MTBC_146	core
MTBC_147	core
MTBC_148	core
MTBC_149	core
MTBC_150	core
MTBC_151	core
MTBC_152	core
MTBC_153	core
MTBC_154	core
MTBC_155	core
MTBC_156	core
MTBC_157	core
MTBC_158	core
MTBC_159	core
MTBC_160	core
MTBC_161	core
MTBC_162	core
MTBC_163	core
MTBC_164	core
MTBC_165	core
MTBC_166	core
MTBC_167	core
MTBC_168	core
MTBC_169	core
MTBC_170	core
MTBC_171	core
MTBC_172	core
MTBC_173	core
MTBC_174	core
MTBC_175	core
MTBC_176	core
MTBC_177	core
MTBC_178	accessory
MTBC_179	core
MTBC_180	core
MTBC_181	core
MTBC_182	core
MTBC_183	accessory
MTBC_184	core
MTBC_185	core
MTBC_186	core
MTBC_187	core
MTBC_188	core
MTBC_189	core
MTBC_190	core
MTBC_191	core
MTBC_192	core
MTBC_193	accessory
MTBC_194	core
MTBC_195	core
MTBC_196	core
MTBC_197	accessory
MTBC_198	core
MTBC_199	core
MTBC_200	core
MTBC_201	core
MTBC_202	core
MTBC_203	accessory
MTBC_204	core
MTBC_205	core
MTBC_206	core
MTBC_207	core
MTBC_208	accessory
MTBC_209	accessory
MTBC_210	core
MTBC_211	accessory
MTBC_212	core
MTBC_213	core
MTBC_214	core
MTBC_215	core
MTBC_216	core
MTBC_217	core
MTBC_218	core
MTBC_219	accessory
MTBC_220	core
MTBC_221	core
MTBC_222	core
MTBC_223	accessory
MTBC_224	accessory
MTBC_225	core
MTBC_226	core
MTBC_227	core
MTBC_228	accessory
MTBC_229	core
MTBC_230	core
MTBC_231	core
MTBC_232	core
MTBC_233	accessory
MTBC_234	core
MTBC_235	core
MTBC_236	core
MTBC_237	core
MTBC_238	core
MTBC_239	core
MTBC_240	core
MTBC_241	core
MTBC_242	core
MTBC_243	core
MTBC_244	core
MTBC_245	core
MTBC_246	core
MTBC_247	core
MTBC_248	core
MTBC_249	core
MTBC_250	core
MTBC_251	accessory
MTBC_252	core
MTBC_253	core
MTBC_254	core
MTBC_255	core
MTBC_256	core
MTBC_257	core
MTBC_258	core
MTBC_259	core
MTBC_260	core
MTBC_261	core
MTBC_262	core
MTBC_263	core
MTBC_264	core
MTBC_265	accessory
MTBC_266	core
MTBC_267	core
MTBC_268	accessory
MTBC_269	core
MTBC_270	core
MTBC_271	core
MTBC_272	core
MTBC_273	core
MTBC_274	core
MTBC_275	core
MTBC_276	core
MTBC_277	core
MTBC_278	core
MTBC_279	core
MTBC_280	core
MTBC_281	core
MTBC_282	accessory
MTBC_283	core
MTBC_284	core
MTBC_285	accessory
MTBC_286	accessory
MTBC_287	accessory
MTBC_288	core
MTBC_289	core
MTBC_290	core
MTBC_291	accessory
MTBC_292	core
MTBC_293	core
MTBC_294	accessory
MTBC_295	core
MTBC_296	core
MTBC_297	core
MTBC_298	core
MTBC_299	core
MTBC_300	core
MTBC_301	accessory
MTBC_302	core
MTBC_303	accessory
MTBC_304	core
MTBC_305	core
MTBC_306	core
MTBC_307	core
MTBC_308	core
MTBC_309	accessory
MTBC_310	core
MTBC_311	core
MTBC_312	core
MTBC_313	core
MTBC_314	core
MTBC_315	accessory
MTBC_316	core
MTBC_317	core
MTBC_318	core
MTBC_319	core
MTBC_320	core
MTBC_321	accessory
MTBC_322	core
MTBC_323	core
MTBC_324	accessory
MTBC_325	accessory
MTBC_326	core
MTBC_327	core
MTBC_328	core
MTBC_329	core
MTBC_330	core
MTBC_331	core
MTBC_332	core
MTBC_333	accessory
MTBC_334	core
MTBC_335	accessory
MTBC_336	core
MTBC_337	core
MTBC_338	accessory
MTBC_339	core
MTBC_340	accessory
MTBC_341	core
MTBC_342	core
MTBC_343	core
MTBC_344	core
MTBC_345	core
MTBC_346	core
MTBC_347	core
MTBC_348	core
MTBC_349	core
MTBC_350	core
MTBC_351	core
MTBC_352	core
MTBC_353	core
MTBC_354	core
MTBC_355	accessory
MTBC_356	core
MTBC_357	accessory
MTBC_358	core
MTBC_359	accessory
MTBC_360	core
MTBC_361	core
MTBC_362	core
MTBC_363	core
MTBC_364	core
MTBC_365	core
MTBC_366	accessory
MTBC_367	core
MTBC_368	core
MTBC_369	accessory
MTBC_370	core
MTBC_371	core
MTBC_372	core
MTBC_373	core
MTBC_374	core
MTBC_375	accessory
MTBC_376	core
MTBC_377	core
MTBC_378	core
MTBC_379	core
MTBC_380	core
MTBC_381	core
MTBC_382	core
MTBC_383	core
MTBC_384	core
MTBC_385	core
MTBC_386	core
MTBC_387	accessory
MTBC_388	core
MTBC_389	core
MTBC_390	core
MTBC_391	core
MTBC_392	core
MTBC_393	core
MTBC_394	core
MTBC_395	accessory
MTBC_396	core
MTBC_397	core
MTBC_398	core
MTBC_399	core
MTBC_400	core
MTBC_401	core
MTBC_402	core
MTBC_403	accessory
MTBC_404	accessory
MTBC_405	core
MTBC_406	core
MTBC_407	core
MTBC_408	core
MTBC_409	core
MTBC_410	core
MTBC_411	accessory
MTBC_412	core
MTBC_413	core
MTBC_414	core
MTBC_415	core
MTBC_416	core
MTBC_417	core
MTBC_418	core
MTBC_419	core
MTBC_420	core
MTBC_421	core
MTBC_422	core
MTBC_423	core
MTBC_424	accessory
MTBC_425	core
MTBC_426	core
MTBC_427	core
MTBC_428	core
MTBC_429	accessory
MTBC_430	core
MTBC_431	core
MTBC_432	core
MTBC_433	core
MTBC_434	core
MTBC_435	core
MTBC_436	accessory
MTBC_437	core
MTBC_438	accessory
MTBC_439	core
MTBC_440	accessory
MTBC_441	core
MTBC_442	core
MTBC_443	core
MTBC_444	core
MTBC_445	core
MTBC_446	accessory
MTBC_447	core
MTBC_448	core
MTBC_449	core
MTBC_450	core
MTBC_451	core
MTBC_452	core
MTBC_453	accessory
MTBC_454	core
MTBC_455	core
MTBC_456	core
MTBC_457	core
MTBC_458	core
MTBC_459	accessory
MTBC_460	accessory
MTBC_461	core
MTBC_462	core
MTBC_463	core
MTBC_464	accessory
MTBC_465	core
MTBC_466	core
MTBC_467	core
MTBC_468	core
MTBC_469	core
MTBC_470	core
MTBC_471	core
MTBC_472	accessory
MTBC_473	core
MTBC_474	core
MTBC_475	accessory
MTBC_476	core
MTBC_477	accessory
MTBC_478	core
MTBC_479	core
MTBC_480	core
MTBC_481	accessory
MTBC_482	core
MTBC_483	core
MTBC_484	accessory
MTBC_485	accessory
MTBC_486	core
MTBC_487	core
MTBC_488	core
MTBC_489	core
MTBC_490	core
MTBC_491	accessory
MTBC_492	core
MTBC_493	core
MTBC_494	core
MTBC_495	accessory
MTBC_496	accessory
MTBC_497	core
MTBC_498	core
MTBC_499	core
MTBC_500	core
MTBC_501	core
MTBC_502	core
MTBC_503	core
MTBC_504	core
MTBC_505	core
MTBC_506	core
MTBC_507	core
MTBC_508	core
MTBC_509	core
MTBC_510	accessory
MTBC_511	core
MTBC_512	core
MTBC_513	core
MTBC_514	core
MTBC_515	core
MTBC_516	core
MTBC_517	core
MTBC_518	accessory
MTBC_519	core
MTBC_520	core
MTBC_521	core
MTBC_522	accessory
MTBC_523	core
MTBC_524	core
MTBC_525	core
MTBC_526	core
MTBC_527	core
MTBC_528	core
MTBC_529	core
MTBC_530	core
MTBC_531	core
MTBC_532	core
MTBC_533	core
MTBC_534	accessory
MTBC_535	core
MTBC_536	accessory
MTBC_537	accessory
MTBC_538	core
MTBC_539	core
MTBC_540	accessory
MTBC_541	accessory
MTBC_542	core
MTBC_543	core
MTBC_544	core
MTBC_545	core
MTBC_546	core
MTBC_547	core
MTBC_548	core
MTBC_549	core
MTBC_550	core
MTBC_551	core
MTBC_552	accessory
MTBC_553	core
MTBC_554	core
MTBC_555	core
MTBC_556	core
MTBC_557	core
MTBC_558	core
MTBC_559	core
MTBC_560	core
MTBC_561	core
MTBC_562	core
MTBC_563	core
MTBC_564	accessory
MTBC_565	core
MTBC_566	core
MTBC_567	accessory
MTBC_568	core
MTBC_569	accessory
MTBC_570	core
MTBC_571	accessory
MTBC_572	core
MTBC_573	accessory
MTBC_574	core
MTBC_575	accessory
MTBC_576	core
MTBC_577	core
MTBC_578	accessory
MTBC_579	core
MTBC_580	accessory
MTBC_581	accessory
MTBC_582	core
MTBC_583	core
MTBC_584	core
MTBC_585	accessory
MTBC_586	core
MTBC_587	core
MTBC_588	core
MTBC_589	core
MTBC_590	core
MTBC_591	accessory
MTBC_592	core
MTBC_593	core
MTBC_594	accessory
MTBC_595	core
MTBC_596	core
MTBC_597	accessory
MTBC_598	core
MTBC_599	core
MTBC_600	accessory
MTBC_601	core
MTBC_602	core
MTBC_603	accessory
MTBC_604	core
MTBC_605	core
MTBC_606	core
MTBC_607	core
MTBC_608	core
MTBC_609	core
MTBC_610	accessory
MTBC_611	core
MTBC_612	core
MTBC_613	core
MTBC_614	core
MTBC_615	core
MTBC_616	core
MTBC_617	accessory
MTBC_618	core
MTBC_619	core
MTBC_620	core
MTBC_621	accessory
MTBC_622	core
MTBC_623	core
MTBC_624	accessory
MTBC_625	core
MTBC_626	accessory
MTBC_627	core
MTBC_628	core
MTBC_629	core
MTBC_630	core
MTBC_631	accessory
MTBC_632	core
MTBC_633	accessory
MTBC_634	core
MTBC_635	core
MTBC_636	core
MTBC_637	core
MTBC_638	core
MTBC_639	core
MTBC_640	accessory
MTBC_641	accessory
MTBC_642	core
MTBC_643	core
MTBC_644	core
MTBC_645	core
MTBC_646	core
MTBC_647	accessory
MTBC_648	core
MTBC_649	core
MTBC_650	core
MTBC_651	core
MTBC_652	core
MTBC_653	core
MTBC_654	core
MTBC_655	core
MTBC_656	accessory
MTBC_657	core
MTBC_658	core
MTBC_659	accessory
MTBC_660	core
MTBC_661	accessory
MTBC_662	core
MTBC_663	core
MTBC_664	core
MTBC_665	core
MTBC_666	core
MTBC_667	core
MTBC_668	core
MTBC_669	accessory
MTBC_670	accessory
MTBC_671	core
MTBC_672	core
MTBC_673	accessory
MTBC_674	core
MTBC_675	core
MTBC_676	core
MTBC_677	core
MTBC_678	accessory
MTBC_679	core
MTBC_680	core
MTBC_681	core
MTBC_682	core
MTBC_683	core
MTBC_684	core
MTBC_685	accessory
MTBC_686	core
MTBC_687	core
MTBC_688	core
MTBC_689	core
MTBC_690	accessory
MTBC_691	accessory
MTBC_692	core
MTBC_693	core
MTBC_694	core
MTBC_695	core
MTBC_696	core
MTBC_697	core
MTBC_698	core
MTBC_699	core
MTBC_700	core
MTBC_701	core
MTBC_702	core
MTBC_703	core
MTBC_704	core
MTBC_705	core
MTBC_706	core
MTBC_707	core
MTBC_708	core
MTBC_709	core
MTBC_710	core
MTBC_711	accessory
MTBC_712	core
MTBC_713	accessory
MTBC_714	core
MTBC_715	core
MTBC_716	core
MTBC_717	core
MTBC_718	core
MTBC_719	core
MTBC_720	core
MTBC_721	core
MTBC_722	core
MTBC_723	accessory
MTBC_724	accessory
MTBC_725	core
MTBC_726	core
MTBC_727	core
MTBC_728	core
MTBC_729	core
MTBC_730	core
MTBC_731	core
MTBC_732	core
MTBC_733	core
MTBC_734	accessory
MTBC_735	accessory
MTBC_736	accessory
MTBC_737	core
MTBC_738	core
MTBC_739	accessory
MTBC_740	core
MTBC_741	core
MTBC_742	core
MTBC_743	core
MTBC_744	core
MTBC_745	core
MTBC_746	core
MTBC_747	core
MTBC_748	core
MTBC_749	core
MTBC_750	core
MTBC_751	core
MTBC_752	core
MTBC_753	core
MTBC_754	core
MTBC_755	core
MTBC_756	core
MTBC_757	core
MTBC_758	accessory
MTBC_759	core
MTBC_760	core
MTBC_761	core
MTBC_762	accessory
MTBC_763	accessory
MTBC_764	accessory
MTBC_765	accessory
MTBC_766	core
MTBC_767	core
MTBC_768	core
MTBC_769	core
MTBC_770	core
MTBC_771	core
MTBC_772	core
MTBC_773	core
MTBC_774	core
MTBC_775	core
MTBC_776	core
MTBC_777	core
MTBC_778	core
MTBC_779	core
MTBC_780	accessory
MTBC_781	core
MTBC_782	core
MTBC_783	core
MTBC_784	core
MTBC_785	core
MTBC_786	core
MTBC_787	core
MTBC_788	core
MTBC_789	core
MTBC_790	core
MTBC_791	core
MTBC_792	core
MTBC_793	core
MTBC_794	core
MTBC_795	core
MTBC_796	accessory
MTBC_797	core
MTBC_798	core
MTBC_799	accessory
MTBC_800	core
MTBC_801	core
MTBC_802	core
MTBC_803	core
MTBC_804	core
MTBC_805	accessory
MTBC_806	core
MTBC_807	core
MTBC_808	core
MTBC_809	core
MTBC_810	core
MTBC_811	core
MTBC_812	core
MTBC_813	core
MTBC_814	core
MTBC_815	accessory
MTBC_816	core
MTBC_817	accessory
MTBC_818	core
MTBC_819	core
MTBC_820	core
MTBC_821	core
MTBC_822	core
MTBC_823	core
MTBC_824	core
MTBC_825	core
MTBC_826	core
MTBC_827	core
MTBC_828	accessory
MTBC_829	core
MTBC_830	core
MTBC_831	core
MTBC_832	core
MTBC_833	accessory
MTBC_834	core
MTBC_835	core
MTBC_836	core
MTBC_837	accessory
MTBC_838	core
MTBC_839	core
MTBC_840	core
MTBC_841	core
MTBC_842	core
MTBC_843	core
MTBC_844	accessory
MTBC_845	core
MTBC_846	core
MTBC_847	core
MTBC_848	core
MTBC_849	accessory
MTBC_850	core
MTBC_851	core
MTBC_852	core
MTBC_853	accessory
MTBC_854	core
MTBC_855	core
MTBC_856	core
MTBC_857	accessory
MTBC_858	accessory
MTBC_859	core
MTBC_860	accessory
MTBC_861	core
MTBC_862	core
MTBC_863	core
MTBC_864	core
MTBC_865	core
MTBC_866	core
MTBC_867	core
MTBC_868	core
MTBC_869	core
MTBC_870	core
MTBC_871	core
MTBC_872	core
MTBC_873	core
MTBC_874	core
MTBC_875	core
MTBC_876	core
MTBC_877	core
MTBC_878	core
MTBC_879	core
MTBC_880	core
MTBC_881	core
MTBC_882	core
MTBC_883	core
MTBC_884	accessory
MTBC_885	core
MTBC_886	core
MTBC_887	core
MTBC_888	core
MTBC_889	accessory
MTBC_890	accessory
MTBC_891	core
MTBC_892	accessory
MTBC_893	core
MTBC_894	core
MTBC_895	core
MTBC_896	core
MTBC_897	core
MTBC_898	accessory
MTBC_899	core
MTBC_900	core
MTBC_901	core
MTBC_902	core
MTBC_903	core
MTBC_904	core
MTBC_905	core
MTBC_906	core
MTBC_907	core
MTBC_908	core
MTBC_909	core
MTBC_910	core
MTBC_911	core
MTBC_912	core
MTBC_913	core
MTBC_914	core
MTBC_915	core
MTBC_916	accessory
MTBC_917	core
MTBC_918	core
MTBC_919	core
MTBC_920	accessory
MTBC_921	core
MTBC_922	core
MTBC_923	core
MTBC_924	core
MTBC_925	core
MTBC_926	core
MTBC_927	core
MTBC_928	core
MTBC_929	accessory
MTBC_930	core
MTBC_931	core
MTBC_932	core
MTBC_933	accessory
MTBC_934	core
MTBC_935	core
MTBC_936	core
MTBC_937	core
MTBC_938	core
MTBC_939	accessory
MTBC_940	core
MTBC_941	core
MTBC_942	core
MTBC_943	core
MTBC_944	accessory
MTBC_945	core
MTBC_946	accessory
MTBC_947	core
MTBC_948	core
MTBC_949	core
MTBC_950	core
MTBC_951	accessory
MTBC_952	core
MTBC_953	core
MTBC_954	core
MTBC_955	core
MTBC_956	core
MTBC_957	core
MTBC_958	core
MTBC_959	core
MTBC_960	core
MTBC_961	core
MTBC_962	accessory
MTBC_963	accessory
MTBC_964	core
MTBC_965	core
MTBC_966	core
MTBC_967	core
MTBC_968	core
MTBC_969	accessory
MTBC_970	core
MTBC_971	core
MTBC_972	core
MTBC_973	core
MTBC_974	accessory
MTBC_975	core
MTBC_976	core
MTBC_977	core
MTBC_978	core
MTBC_979	core
MTBC_980	core
MTBC_981	core
MTBC_982	accessory
MTBC_983	core
MTBC_984	core
MTBC_985	core
MTBC_986	core
MTBC_987	accessory
MTBC_988	core
MTBC_989	core
MTBC_990	core
MTBC_991	core
MTBC_992	core
MTBC_993	core
MTBC_994	accessory
MTBC_995	core
MTBC_996	core
MTBC_997	core
MTBC_998	accessory
MTBC_999	core
MTBC_1000	core
MTBC_1001	core
MTBC_1002	core
MTBC_1003	core
MTBC_1004	accessory
MTBC_1005	accessory
MTBC_1006	core
MTBC_1007	core
MTBC_1008	core
MTBC_1009	core
MTBC_1010	accessory
MTBC_1011	core
MTBC_1012	core
MTBC_1013	core
MTBC_1014	core
MTBC_1015	core
MTBC_1016	core
MTBC_1017	core
MTBC_1018	core
MTBC_1019	core
MTBC_1020	core
MTBC_1021	core
MTBC_1022	core
MTBC_1023	core
MTBC_1024	core
MTBC_1025	core
MTBC_1026	core
MTBC_1027	core
MTBC_1028	core
MTBC_1029	accessory
MTBC_1030	core
MTBC_1031	core
MTBC_1032	core
MTBC_1033	core
MTBC_1034	core
MTBC_1035	core
MTBC_1036	core
MTBC_1037	core
MTBC_1038	core
MTBC_1039	core
MTBC_1040	core
MTBC_1041	core
MTBC_1042	core
MTBC_1043	core
MTBC_1044	core
MTBC_1045	core
MTBC_1046	accessory
MTBC_1047	core
MTBC_1048	accessory
MTBC_1049	core
MTBC_1050	core
MTBC_1051	core
MTBC_1052	core
MTBC_1053	core
MTBC_1054	core
MTBC_1055	core
MTBC_1056	core
MTBC_1057	core
MTBC_1058	core
MTBC_1059	core
MTBC_1060	core
MTBC_1061	core
MTBC_1062	core
MTBC_1063	accessory
MTBC_1064	accessory
MTBC_1065	core
MTBC_1066	accessory
MTBC_1067	core
MTBC_1068	core
MTBC_1069	core
MTBC_1070	core
MTBC_1071	core
MTBC_1072	core
MTBC_1073	core
MTBC_1074	core
MTBC_1075	core
MTBC_1076	core
MTBC_1077	core
MTBC_1078	core
MTBC_1079	core
MTBC_1080	core
MTBC_1081	accessory
MTBC_1082	core
MTBC_1083	core
MTBC_1084	accessory
MTBC_1085	accessory
MTBC_1086	core
MTBC_1087	core
MTBC_1088	core
MTBC_1089	accessory
MTBC_1090	core
MTBC_1091	core
MTBC_1092	core
MTBC_1093	core
MTBC_1094	accessory
MTBC_1095	core
MTBC_1096	core
MTBC_1097	accessory
MTBC_1098	core
MTBC_1099	core
MTBC_1100	accessory
MTBC_1101	core
MTBC_1102	core
MTBC_1103	core
MTBC_1104	core
MTBC_1105	core
MTBC_1106	core
MTBC_1107	core
MTBC_1108	accessory
MTBC_1109	core
MTBC_1110	core
MTBC_1111	core
MTBC_1112	core
MTBC_1113	core
MTBC_1114	core
MTBC_1115	core
MTBC_1116	core
MTBC_1117	core
MTBC_1118	accessory
MTBC_1119	core
MTBC_1120	core
MTBC_1121	core
MTBC_1122	core
MTBC_1123	core
MTBC_1124	core
MTBC_1125	core
MTBC_1126	core
MTBC_1127	core
MTBC_1128	core
MTBC_1129	accessory
MTBC_1130	core
MTBC_1131	core
MTBC_1132	accessory
MTBC_1133	core
MTBC_1134	accessory
MTBC_1135	core
MTBC_1136	core
MTBC_1137	core
MTBC_1138	accessory
MTBC_1139	core
MTBC_1140	accessory
MTBC_1141	accessory
MTBC_1142	core
MTBC_1143	core
MTBC_1144	core
MTBC_1145	accessory
MTBC_1146	core
MTBC_1147	core
MTBC_1148	core
MTBC_1149	core
MTBC_1150	core
MTBC_1151	core
MTBC_1152	accessory
MTBC_1153	core
MTBC_1154	accessory
MTBC_1155	core
MTBC_1156	accessory
MTBC_1157	accessory
MTBC_1158	core
MTBC_1159	core
MTBC_1160	core
MTBC_1161	core
MTBC_1162	core
MTBC_1163	core
MTBC_1164	core
MTBC_1165	core
MTBC_1166	core
MTBC_1167	core
MTBC_1168	accessory
MTBC_1169	core
MTBC_1170	accessory
MTBC_1171	core
MTBC_1172	core
MTBC_1173	core
MTBC_1174	core
MTBC_1175	core
MTBC_1176	core
MTBC_1177	core
MTBC_1178	core
MTBC_1179	core
MTBC_1180	core
MTBC_1181	core
MTBC_1182	accessory
MTBC_1183	core
MTBC_1184	core
MTBC_1185	core
MTBC_1186	core
MTBC_1187	core
MTBC_1188	core
MTBC_1189	core
MTBC_1190	core
MTBC_1191	core
MTBC_1192	core
MTBC_1193	core
MTBC_1194	core
MTBC_1195	accessory
MTBC_1196	core
MTBC_1197	core
MTBC_1198	core
MTBC_1199	core
MTBC_1200	core
MTBC_1201	core
MTBC_1202	core
MTBC_1203	core
MTBC_1204	core
MTBC_1205	core
MTBC_1206	core
MTBC_1207	core
MTBC_1208	core
MTBC_1209	core
MTBC_1210	core
MTBC_1211	core
MTBC_1212	core
MTBC_1213	core
MTBC_1214	core
MTBC_1215	core
MTBC_1216	core
MTBC_1217	core
MTBC_1218	core
MTBC_1219	core
MTBC_1220	core
MTBC_1221	core
MTBC_1222	core
MTBC_1223	core
MTBC_1224	core
MTBC_1225	accessory
MTBC_1226	accessory
MTBC_1227	core
MTBC_1228	core
MTBC_1229	accessory
MTBC_1230	core
MTBC_1231	core
MTBC_1232	core
MTBC_1233	core
MTBC_1234	core
MTBC_1235	core
MTBC_1236	accessory
MTBC_1237	core
MTBC_1238	core
MTBC_1239	core
MTBC_1240	core
MTBC_1241	core
MTBC_1242	core
MTBC_1243	accessory
MTBC_1244	core
MTBC_1245	core
MTBC_1246	core
MTBC_1247	accessory
MTBC_1248	core
MTBC_1249	core
MTBC_1250	core
MTBC_1251	accessory
MTBC_1252	core
MTBC_1253	accessory
MTBC_1254	accessory
MTBC_1255	core
MTBC_1256	core
MTBC_1257	accessory
MTBC_1258	core
MTBC_1259	core
MTBC_1260	core
MTBC_1261	core
MTBC_1262	core
MTBC_1263	core
MTBC_1264	core
MTBC_1265	core
MTBC_1266	core
MTBC_1267	accessory
MTBC_1268	accessory
MTBC_1269	core
MTBC_1270	accessory
MTBC_1271	core
MTBC_1272	core
MTBC_1273	core
MTBC_1274	core
MTBC_1275	core
MTBC_1276	core
MTBC_1277	core
MTBC_1278	core
MTBC_1279	core
MTBC_1280	core
MTBC_1281	core
MTBC_1282	core
MTBC_1283	core
MTBC_1284	core
MTBC_1285	accessory
MTBC_1286	accessory
MTBC_1287	core
MTBC_1288	accessory
MTBC_1289	accessory
MTBC_1290	core
MTBC_1291	core
MTBC_1292	core
MTBC_1293	accessory
MTBC_1294	core
MTBC_1295	core
MTBC_1296	accessory
MTBC_1297	core
MTBC_1298	accessory
MTBC_1299	core
MTBC_1300	core
MTBC_1301	accessory
MTBC_1302	core
MTBC_1303	accessory
MTBC_1304	core
MTBC_1305	accessory
MTBC_1306	core
MTBC_1307	core
MTBC_1308	core
MTBC_1309	core
MTBC_1310	core
MTBC_1311	core
MTBC_1312	core
MTBC_1313	core
MTBC_1314	core
MTBC_1315	core
MTBC_1316	core
MTBC_1317	core
MTBC_1318	core
MTBC_1319	core
MTBC_1320	accessory
MTBC_1321	accessory
MTBC_1322	core
MTBC_1323	core
MTBC_1324	core
MTBC_1325	core
MTBC_1326	core
MTBC_1327	core
MTBC_1328	accessory
MTBC_1329	core
MTBC_1330	core
MTBC_1331	core
MTBC_1332	accessory
MTBC_1333	core
MTBC_1334	core
MTBC_1335	core
MTBC_1336	accessory
MTBC_1337	core
MTBC_1338	core
MTBC_1339	core
MTBC_1340	core
MTBC_1341	accessory
MTBC_1342	core
MTBC_1343	accessory
MTBC_1344	core
MTBC_1345	core
MTBC_1346	accessory
MTBC_1347	core
MTBC_1348	core
MTBC_1349	core
MTBC_1350	core
MTBC_1351	core
MTBC_1352	core
MTBC_1353	accessory
MTBC_1354	core
MTBC_1355	core
MTBC_1356	core
MTBC_1357	core
MTBC_1358	core
MTBC_1359	core
MTBC_1360	core
MTBC_1361	accessory
MTBC_1362	core
MTBC_1363	core
MTBC_1364	accessory
MTBC_1365	core
MTBC_1366	core
MTBC_1367	core
MTBC_1368	core
MTBC_1369	core
MTBC_1370	core
MTBC_1371	core
MTBC_1372	core
MTBC_1373	core
MTBC_1374	core
MTBC_1375	core
MTBC_1376	core
MTBC_1377	core
MTBC_1378	accessory
MTBC_1379	core
MTBC_1380	accessory
MTBC_1381	core
MTBC_1382	core
MTBC_1383	accessory
MTBC_1384	accessory
MTBC_1385	core
MTBC_1386	core
MTBC_1387	core
MTBC_1388	core
MTBC_1389	accessory
MTBC_1390	core
MTBC_1391	core
MTBC_1392	core
MTBC_1393	core
MTBC_1394	core
MTBC_1395	core
MTBC_1396	core
MTBC_1397	core
MTBC_1398	core
MTBC_1399	core
MTBC_1400	core
MTBC_1401	core
MTBC_1402	core
MTBC_1403	core
MTBC_1404	core
MTBC_1405	core
MTBC_1406	core
MTBC_1407	core
MTBC_1408	core
MTBC_1409	core
MTBC_1410	core
MTBC_1411	core
MTBC_1412	accessory
MTBC_1413	core
MTBC_1414	core
MTBC_1415	core
MTBC_1416	core
MTBC_1417	core
MTBC_1418	core
MTBC_1419	core
MTBC_1420	core
MTBC_1421	core
MTBC_1422	core
MTBC_1423	core
MTBC_1424	core
MTBC_1425	core
MTBC_1426	core
MTBC_1427	core
MTBC_1428	core
MTBC_1429	core
MTBC_1430	core
MTBC_1431	core
MTBC_1432	accessory
MTBC_1433	core
MTBC_1434	core
MTBC_1435	core
MTBC_1436	core
MTBC_1437	core
MTBC_1438	core
MTBC_1439	core
MTBC_1440	accessory
MTBC_1441	core
MTBC_1442	core
MTBC_1443	core
MTBC_1444	core
MTBC_1445	core
MTBC_1446	accessory
MTBC_1447	core
MTBC_1448	core
MTBC_1449	core
MTBC_1450	core
MTBC_1451	core
MTBC_1452	core
MTBC_1453	accessory
MTBC_1454	core
MTBC_1455	core
MTBC_1456	core
MTBC_1457	core
MTBC_1458	core
MTBC_1459	core
MTBC_1460	accessory
MTBC_1461	core
MTBC_1462	core
MTBC_1463	core
MTBC_1464	core
MTBC_1465	core
MTBC_1466	core
MTBC_1467	core
MTBC_1468	core
MTBC_1469	core
MTBC_1470	accessory
MTBC_1471	accessory
MTBC_1472	core
MTBC_1473	core
MTBC_1474	core
MTBC_1475	core
MTBC_1476	core
MTBC_1477	accessory
MTBC_1478	core
MTBC_1479	core
MTBC_1480	core
MTBC_1481	core
MTBC_1482	core
MTBC_1483	core
MTBC_1484	core
MTBC_1485	accessory
MTBC_1486	core
MTBC_1487	accessory
MTBC_1488	core
MTBC_1489	core
MTBC_1490	core
MTBC_1491	core
MTBC_1492	core
MTBC_1493	core
MTBC_1494	core
MTBC_1495	core
MTBC_1496	accessory
MTBC_1497	core
MTBC_1498	core
MTBC_1499	core
MTBC_1500	core
MTBC_1501	core
MTBC_1502	core
MTBC_1503	core
MTBC_1504	core
MTBC_1505	core
MTBC_1506	core
MTBC_1507	core
MTBC_1508	core
MTBC_1509	core
MTBC_1510	core
MTBC_1511	core
MTBC_1512	core
MTBC_1513	core
MTBC_1514	core
MTBC_1515	core
MTBC_1516	core
MTBC_1517	core
MTBC_1518	core
MTBC_1519	core
MTBC_1520	core
MTBC_1521	core
MTBC_1522	core
MTBC_1523	core
MTBC_1524	core
MTBC_1525	core
MTBC_1526	core
MTBC_1527	core
MTBC_1528	core
MTBC_1529	core
MTBC_1530	core
MTBC_1531	core
MTBC_1532	core
MTBC_1533	core
MTBC_1534	core
MTBC_1535	core
MTBC_1536	accessory
MTBC_1537	core
MTBC_1538	core
MTBC_1539	core
MTBC_1540	core
MTBC_1541	core
MTBC_1542	core
MTBC_1543	core
MTBC_1544	core
MTBC_1545	core
MTBC_1546	core
MTBC_1547	core
MTBC_1548	core
MTBC_1549	core
MTBC_1550	accessory
MTBC_1551	core
MTBC_1552	accessory
MTBC_1553	core
MTBC_1554	core
MTBC_1555	accessory
MTBC_1556	core
MTBC_1557	core
MTBC_1558	core
MTBC_1559	core
MTBC_1560	core
MTBC_1561	core
MTBC_1562	core
MTBC_1563	core
MTBC_1564	core
MTBC_1565	core
MTBC_1566	core
MTBC_1567	core
MTBC_1568	core
MTBC_1569	core
MTBC_1570	core
MTBC_1571	core
MTBC_1572	core
MTBC_1573	core
MTBC_1574	core
MTBC_1575	core
MTBC_1576	core
MTBC_1577	core
MTBC_1578	core
MTBC_1579	accessory
MTBC_1580	core
MTBC_1581	core
MTBC_1582	core
MTBC_1583	accessory
MTBC_1584	core
MTBC_1585	core
MTBC_1586	core
MTBC_1587	core
MTBC_1588	core
MTBC_1589	accessory
MTBC_1590	core
MTBC_1591	accessory
MTBC_1592	core
MTBC_1593	accessory
MTBC_1594	core
MTBC_1595	accessory
MTBC_1596	accessory
MTBC_1597	core
MTBC_1598	core
MTBC_1599	core
MTBC_1600	core
MTBC_1601	accessory
MTBC_1602	core
MTBC_1603	core
MTBC_1604	accessory
MTBC_1605	core
MTBC_1606	accessory
MTBC_1607	core
MTBC_1608	core
MTBC_1609	core
MTBC_1610	core
MTBC_1611	core
MTBC_1612	core
MTBC_1613	core
MTBC_1614	core
MTBC_1615	core
MTBC_1616	core
MTBC_1617	core
MTBC_1618	core
MTBC_1619	accessory
MTBC_1620	core
MTBC_1621	core
MTBC_1622	accessory
MTBC_1623	core
MTBC_1624	core
MTBC_1625	core
MTBC_1626	core
MTBC_1627	core
MTBC_1628	core
MTBC_1629	core
MTBC_1630	core
MTBC_1631	core
MTBC_1632	core
MTBC_1633	core
MTBC_1634	core
MTBC_1635	core
MTBC_1636	accessory
MTBC_1637	core
MTBC_1638	core
MTBC_1639	accessory
MTBC_1640	core
MTBC_1641	core
MTBC_1642	accessory
MTBC_1643	core
MTBC_1644	core
MTBC_1645	core
MTBC_1646	core
MTBC_1647	core
MTBC_1648	core
MTBC_1649	core
MTBC_1650	core
MTBC_1651	core
MTBC_1652	core
MTBC_1653	core
MTBC_1654	core
MTBC_1655	core
MTBC_1656	core
MTBC_1657	core
MTBC_1658	core
MTBC_1659	core
MTBC_1660	core
MTBC_1661	core
MTBC_1662	core
MTBC_1663	core
MTBC_1664	core
MTBC_1665	core
MTBC_1666	core
MTBC_1667	core
MTBC_1668	core
MTBC_1669	core
MTBC_1670	core
MTBC_1671	core
MTBC_1672	core
MTBC_1673	core
MTBC_1674	core
MTBC_1675	core
MTBC_1676	core
MTBC_1677	core
MTBC_1678	core
MTBC_1679	core
MTBC_1680	core
MTBC_1681	core
MTBC_1682	core
MTBC_1683	core
MTBC_1684	core
MTBC_1685	core
MTBC_1686	core
MTBC_1687	core
MTBC_1688	core
MTBC_1689	accessory
MTBC_1690	accessory
MTBC_1691	core
MTBC_1692	accessory
MTBC_1693	accessory
MTBC_1694	core
MTBC_1695	core
MTBC_1696	accessory
MTBC_1697	accessory
MTBC_1698	core
MTBC_1699	core
MTBC_1700	core
MTBC_1701	accessory
MTBC_1702	core
MTBC_1703	core
MTBC_1704	core
MTBC_1705	core
MTBC_1706	core
MTBC_1707	core
MTBC_1708	core
MTBC_1709	core
MTBC_1710	accessory
MTBC_1711	core
MTBC_1712	core
MTBC_1713	core
MTBC_1714	core
MTBC_1715	core
MTBC_1716	core
MTBC_1717	core
MTBC_1718	accessory
MTBC_1719	core
MTBC_1720	core
MTBC_1721	accessory
MTBC_1722	core
MTBC_1723	core
MTBC_1724	core
MTBC_1725	core
MTBC_1726	accessory
MTBC_1727	core
MTBC_1728	accessory
MTBC_1729	core
MTBC_1730	core
MTBC_1731	core
MTBC_1732	core
MTBC_1733	accessory
MTBC_1734	core
MTBC_1735	core
MTBC_1736	core
MTBC_1737	accessory
MTBC_1738	core
MTBC_1739	accessory
MTBC_1740	core
MTBC_1741	core
MTBC_1742	core
MTBC_1743	core
MTBC_1744	core
MTBC_1745	core
MTBC_1746	core
MTBC_1747	accessory
MTBC_1748	core
MTBC_1749	core
MTBC_1750	accessory
MTBC_1751	core
MTBC_1752	core
MTBC_1753	accessory
MTBC_1754	accessory
MTBC_1755	core
MTBC_1756	core
MTBC_1757	core
MTBC_1758	core
MTBC_1759	core
MTBC_1760	accessory
MTBC_1761	accessory
MTBC_1762	core
MTBC_1763	core
MTBC_1764	core
MTBC_1765	core
MTBC_1766	core
MTBC_1767	core
MTBC_1768	core
MTBC_1769	core
MTBC_1770	core
MTBC_1771	core
MTBC_1772	core
MTBC_1773	core
MTBC_1774	core
MTBC_1775	core
MTBC_1776	core
MTBC_1777	core
MTBC_1778	core
MTBC_1779	accessory
MTBC_1780	core
MTBC_1781	core
MTBC_1782	core
MTBC_1783	core
MTBC_1784	core
MTBC_1785	core
MTBC_1786	accessory
MTBC_1787	core
MTBC_1788	accessory
MTBC_1789	core
MTBC_1790	core
MTBC_1791	core
MTBC_1792	core
MTBC_1793	core
MTBC_1794	core
MTBC_1795	core
MTBC_1796	accessory
MTBC_1797	core
MTBC_1798	core
MTBC_1799	core
MTBC_1800	core
MTBC_1801	core
MTBC_1802	core
MTBC_1803	core
MTBC_1804	core
MTBC_1805	core
MTBC_1806	core
MTBC_1807	core
MTBC_1808	core
MTBC_1809	core
MTBC_1810	core
MTBC_1811	core
MTBC_1812	core
MTBC_1813	core
MTBC_1814	core
MTBC_1815	core
MTBC_1816	core
MTBC_1817	core
MTBC_1818	core
MTBC_1819	core
MTBC_1820	core
MTBC_1821	accessory
MTBC_1822	core
MTBC_1823	accessory
MTBC_1824	core
MTBC_1825	core
MTBC_1826	core
MTBC_1827	accessory
MTBC_1828	core
MTBC_1829	core
MTBC_1830	core
MTBC_1831	core
MTBC_1832	core
MTBC_1833	core
MTBC_1834	accessory
MTBC_1835	core
MTBC_1836	core
MTBC_1837	accessory
MTBC_1838	core
MTBC_1839	core
MTBC_1840	core
MTBC_1841	accessory
MTBC_1842	core
MTBC_1843	core
MTBC_1844	core
MTBC_1845	accessory
MTBC_1846	core
MTBC_1847	core
MTBC_1848	core
MTBC_1849	core
MTBC_1850	core
MTBC_1851	core
MTBC_1852	accessory
MTBC_1853	core
MTBC_1854	core
MTBC_1855	core
MTBC_1856	accessory
MTBC_1857	core
MTBC_1858	core
MTBC_1859	core
MTBC_1860	core
MTBC_1861	core
MTBC_1862	core
MTBC_1863	core
MTBC_1864	core
MTBC_1865	accessory
MTBC_1866	accessory
MTBC_1867	core
MTBC_1868	core
MTBC_1869	core
MTBC_1870	core
MTBC_1871	core
MTBC_1872	accessory
MTBC_1873	core
MTBC_1874	core
MTBC_1875	core
MTBC_1876	core
MTBC_1877	core
MTBC_1878	core
MTBC_1879	core
MTBC_1880	core
MTBC_1881	accessory
MTBC_1882	core
MTBC_1883	core
MTBC_1884	core
MTBC_1885	core
MTBC_1886	core
MTBC_1887	core
MTBC_1888	accessory
MTBC_1889	core
MTBC_1890	accessory
MTBC_1891	core
MTBC_1892	accessory
MTBC_1893	core
MTBC_1894	core
MTBC_1895	core
MTBC_1896	core
MTBC_1897	core
MTBC_1898	core
MTBC_1899	core
MTBC_1900	core
MTBC_1901	core
MTBC_1902	accessory
MTBC_1903	core
MTBC_1904	core
MTBC_1905	core
MTBC_1906	core
MTBC_1907	core
MTBC_1908	core
MTBC_1909	core
MTBC_1910	accessory
MTBC_1911	accessory
MTBC_1912	core
MTBC_1913	core
MTBC_1914	accessory
MTBC_1915	accessory
MTBC_1916	core
MTBC_1917	core
MTBC_1918	accessory
MTBC_1919	core
MTBC_1920	core
MTBC_1921	core
MTBC_1922	core
MTBC_1923	core
MTBC_1924	core
MTBC_1925	core
MTBC_1926	accessory
MTBC_1927	core
MTBC_1928	core
MTBC_1929	core
MTBC_1930	core
MTBC_1931	core
MTBC_1932	core
MTBC_1933	core
MTBC_1934	core
MTBC_1935	core
MTBC_1936	core
MTBC_1937	core
MTBC_1938	accessory
MTBC_1939	core
MTBC_1940	core
MTBC_1941	core
MTBC_1942	core
MTBC_1943	core
MTBC_1944	accessory
MTBC_1945	accessory
MTBC_1946	core
MTBC_1947	core
MTBC_1948	accessory
MTBC_1949	core
MTBC_1950	core
MTBC_1951	accessory
MTBC_1952	core
MTBC_1953	core
MTBC_1954	core
MTBC_1955	core
MTBC_1956	core
MTBC_1957	core
MTBC_1958	accessory
MTBC_1959	core
MTBC_1960	accessory
MTBC_1961	core
MTBC_1962	core
MTBC_1963	accessory
MTBC_1964	core
MTBC_1965	core
MTBC_1966	core
MTBC_1967	core
MTBC_1968	core
MTBC_1969	core
MTBC_1970	core
MTBC_1971	core
MTBC_1972	core
MTBC_1973	accessory
MTBC_1974	core
MTBC_1975	core
MTBC_1976	core
MTBC_1977	core
MTBC_1978	core
MTBC_1979	core
MTBC_1980	core
MTBC_1981	accessory
MTBC_1982	accessory
MTBC_1983	accessory
MTBC_1984	core
MTBC_1985	accessory
MTBC_1986	core
MTBC_1987	core
MTBC_1988	core
MTBC_1989	core
MTBC_1990	accessory
MTBC_1991	accessory
MTBC_1992	core
MTBC_1993	accessory
MTBC_1994	core
MTBC_1995	core
MTBC_1996	core
MTBC_1997	core
MTBC_1998	core
MTBC_1999	core
MTBC_2000	core
MTBC_2001	core
MTBC_2002	core
MTBC_2003	core
MTBC_2004	core
MTBC_2005	core
MTBC_2006	core
MTBC_2007	core
MTBC_2008	core
MTBC_2009	accessory
MTBC_2010	core
MTBC_2011	core
MTBC_2012	core
MTBC_2013	accessory
MTBC_2014	accessory
MTBC_2015	accessory
MTBC_2016	accessory
MTBC_2017	core
MTBC_2018	accessory
MTBC_2019	core
MTBC_2020	core
MTBC_2021	core
MTBC_2022	accessory
MTBC_2023	accessory
MTBC_2024	core
MTBC_2025	accessory
MTBC_2026	accessory
MTBC_2027	core
MTBC_2028	core
MTBC_2029	core
MTBC_2030	core
MTBC_2031	core
MTBC_2032	core
MTBC_2033	core
MTBC_2034	core
MTBC_2035	core
MTBC_2036	core
MTBC_2037	core
MTBC_2038	core
MTBC_2039	core
MTBC_2040	core
MTBC_2041	accessory
MTBC_2042	accessory
MTBC_2043	accessory
MTBC_2044	accessory
MTBC_2045	core
MTBC_2046	core
MTBC_2047	core
MTBC_2048	accessory
MTBC_2049	core
MTBC_2050	core
MTBC_2051	core
MTBC_2052	accessory
MTBC_2053	accessory
MTBC_2054	accessory
MTBC_2055	core
MTBC_2056	core
MTBC_2057	core
MTBC_2058	core
MTBC_2059	core
MTBC_2060	core
MTBC_2061	core
MTBC_2062	core
MTBC_2063	accessory
MTBC_2064	accessory
MTBC_2065	accessory
MTBC_2066	accessory
MTBC_2067	accessory
MTBC_2068	accessory
MTBC_2069	accessory
MTBC_2070	accessory
MTBC_2071	accessory
MTBC_2072	core
MTBC_2073	accessory
MTBC_2074	accessory
MTBC_2075	accessory
MTBC_2076	accessory
MTBC_2077	accessory
MTBC_2078	accessory
MTBC_2079	accessory
MTBC_2080	accessory
MTBC_2081	accessory
MTBC_2082	core
MTBC_2083	core
MTBC_2084	accessory
MTBC_2085	accessory
MTBC_2086	core
MTBC_2087	core
MTBC_2088	accessory
MTBC_2089	core
MTBC_2090	accessory
MTBC_2091	core
MTBC_2092	core
MTBC_2093	core
MTBC_2094	core
MTBC_2095	core
MTBC_2096	core
MTBC_2097	accessory
MTBC_2098	core
MTBC_2099	core
MTBC_2100	core
MTBC_2101	core
MTBC_2102	core
MTBC_2103	core
MTBC_2104	core
MTBC_2105	accessory
MTBC_2106	core
MTBC_2107	core
MTBC_2108	accessory
MTBC_2109	core
MTBC_2110	core
MTBC_2111	core
MTBC_2112	core
MTBC_2113	core
MTBC_2114	core
MTBC_2115	core
MTBC_2116	core
MTBC_2117	core
MTBC_2118	accessory
MTBC_2119	accessory
MTBC_2120	core
MTBC_2121	accessory
MTBC_2122	core
MTBC_2123	accessory
MTBC_2124	core
MTBC_2125	accessory
MTBC_2126	accessory
MTBC_2127	accessory
MTBC_2128	accessory
MTBC_2129	core
MTBC_2130	accessory
MTBC_2131	core
MTBC_2132	core
MTBC_2133	core
MTBC_2134	accessory
MTBC_2135	core
MTBC_2136	core
MTBC_2137	core
MTBC_2138	core
MTBC_2139	core
MTBC_2140	accessory
MTBC_2141	core
MTBC_2142	core
MTBC_2143	core
MTBC_2144	accessory
MTBC_2145	core
MTBC_2146	core
MTBC_2147	core
MTBC_2148	core
MTBC_2149	accessory
MTBC_2150	accessory
MTBC_2151	core
MTBC_2152	core
MTBC_2153	core
MTBC_2154	core
MTBC_2155	core
MTBC_2156	core
MTBC_2157	core
MTBC_2158	core
MTBC_2159	core
MTBC_2160	accessory
MTBC_2161	core
MTBC_2162	accessory
MTBC_2163	core
MTBC_2164	core
MTBC_2165	core
MTBC_2166	core
MTBC_2167	core
MTBC_2168	core
MTBC_2169	core
MTBC_2170	accessory
MTBC_2171	core
MTBC_2172	core
MTBC_2173	core
MTBC_2174	core
MTBC_2175	accessory
MTBC_2176	accessory
MTBC_2177	accessory
MTBC_2178	accessory
MTBC_2179	accessory
MTBC_2180	accessory
MTBC_2181	accessory
MTBC_2182	accessory
MTBC_2183	accessory
MTBC_2184	accessory
MTBC_2185	accessory
MTBC_2186	accessory
MTBC_2187	accessory
MTBC_2188	accessory
MTBC_2189	accessory
MTBC_2190	accessory
MTBC_2191	accessory
MTBC_2192	accessory
MTBC_2193	accessory
MTBC_2194	core
MTBC_2195	accessory
MTBC_2196	accessory
MTBC_2197	accessory
MTBC_2198	accessory
MTBC_2199	accessory
MTBC_2200	core
MTBC_2201	core
MTBC_2202	core
MTBC_2203	core
MTBC_2204	accessory
MTBC_2205	accessory
MTBC_2206	accessory
MTBC_2207	accessory
MTBC_2208	accessory
MTBC_2209	accessory
MTBC_2210	accessory
MTBC_2211	core
MTBC_2212	core
MTBC_2213	core
MTBC_2214	core
MTBC_2215	core
MTBC_2216	core
MTBC_2217	core
MTBC_2218	core
MTBC_2219	core
MTBC_2220	core
MTBC_2221	accessory
MTBC_2222	core
MTBC_2223	accessory
MTBC_2224	core
MTBC_2225	core
MTBC_2226	core
MTBC_2227	accessory
MTBC_2228	core
MTBC_2229	core
MTBC_2230	core
MTBC_2231	accessory
MTBC_2232	accessory
MTBC_2233	accessory
MTBC_2234	accessory
MTBC_2235	core
MTBC_2236	core
MTBC_2237	core
MTBC_2238	core
MTBC_2239	core
MTBC_2240	core
MTBC_2241	accessory
MTBC_2242	core
MTBC_2243	core
MTBC_2244	core
MTBC_2245	core
MTBC_2246	accessory
MTBC_2247	core
MTBC_2248	accessory
MTBC_2249	accessory
MTBC_2250	accessory
MTBC_2251	core
MTBC_2252	core
MTBC_2253	core
MTBC_2254	accessory
MTBC_2255	core
MTBC_2256	core
MTBC_2257	accessory
MTBC_2258	core
MTBC_2259	accessory
MTBC_2260	core
MTBC_2261	accessory
MTBC_2262	core
MTBC_2263	core
MTBC_2264	core
MTBC_2265	core
MTBC_2266	core
MTBC_2267	core
MTBC_2268	core
MTBC_2269	accessory
MTBC_2270	accessory
MTBC_2271	accessory
MTBC_2272	accessory
MTBC_2273	accessory
MTBC_2274	accessory
MTBC_2275	accessory
MTBC_2276	accessory
MTBC_2277	accessory
MTBC_2278	accessory
MTBC_2279	accessory
MTBC_2280	core
MTBC_2281	accessory
MTBC_2282	accessory
MTBC_2283	core
MTBC_2284	core
MTBC_2285	core
MTBC_2286	core
MTBC_2287	core
MTBC_2288	core
MTBC_2289	core
MTBC_2290	core
MTBC_2291	accessory
MTBC_2292	accessory
MTBC_2293	core
MTBC_2294	accessory
MTBC_2295	accessory
MTBC_2296	accessory
MTBC_2297	core
MTBC_2298	core
MTBC_2299	core
MTBC_2300	core
MTBC_2301	accessory
MTBC_2302	core
MTBC_2303	core
MTBC_2304	core
MTBC_2305	accessory
MTBC_2306	core
MTBC_2307	core
MTBC_2308	core
MTBC_2309	accessory
MTBC_2310	accessory
MTBC_2311	core
MTBC_2312	core
MTBC_2313	core
MTBC_2314	core
MTBC_2315	core
MTBC_2316	accessory
MTBC_2317	core
MTBC_2318	accessory
MTBC_2319	accessory
MTBC_2320	accessory
MTBC_2321	accessory
MTBC_2322	core
MTBC_2323	core
MTBC_2324	core
MTBC_2325	accessory
MTBC_2326	core
MTBC_2327	core
MTBC_2328	core
MTBC_2329	core
MTBC_2330	core
MTBC_2331	core
MTBC_2332	core
MTBC_2333	core
MTBC_2334	core
MTBC_2335	core
MTBC_2336	core
MTBC_2337	core
MTBC_2338	core
MTBC_2339	core
MTBC_2340	accessory
MTBC_2341	core
MTBC_2342	core
MTBC_2343	core
MTBC_2344	core
MTBC_2345	core
MTBC_2346	core
MTBC_2347	accessory
MTBC_2348	core
MTBC_2349	core
MTBC_2350	core
MTBC_2351	core
MTBC_2352	accessory
MTBC_2353	accessory
MTBC_2354	core
MTBC_2355	core
MTBC_2356	core
MTBC_2357	core
MTBC_2358	core
MTBC_2359	accessory
MTBC_2360	core
MTBC_2361	core
MTBC_2362	core
MTBC_2363	core
MTBC_2364	accessory
MTBC_2365	core
MTBC_2366	accessory
MTBC_2367	core
MTBC_2368	core
MTBC_2369	core
MTBC_2370	core
MTBC_2371	core
MTBC_2372	core
MTBC_2373	core
MTBC_2374	core
MTBC_2375	core
MTBC_2376	accessory
MTBC_2377	core
MTBC_2378	core
MTBC_2379	accessory
MTBC_2380	accessory
MTBC_2381	core
MTBC_2382	accessory
MTBC_2383	core
MTBC_2384	core
MTBC_2385	core
MTBC_2386	core
MTBC_2387	core
MTBC_2388	core
MTBC_2389	core
MTBC_2390	core
MTBC_2391	core
MTBC_2392	accessory
MTBC_2393	accessory
MTBC_2394	core
MTBC_2395	core
MTBC_2396	core
MTBC_2397	core
MTBC_2398	core
MTBC_2399	core
MTBC_2400	core
MTBC_2401	core
MTBC_2402	core
MTBC_2403	core
MTBC_2404	core
MTBC_2405	core
MTBC_2406	core
MTBC_2407	core
MTBC_2408	core
MTBC_2409	accessory
MTBC_2410	core
MTBC_2411	core
MTBC_2412	accessory
MTBC_2413	accessory
MTBC_2414	core
MTBC_2415	accessory
MTBC_2416	core
MTBC_2417	accessory
MTBC_2418	accessory
MTBC_2419	accessory
MTBC_2420	core
MTBC_2421	core
MTBC_2422	core
MTBC_2423	core
MTBC_2424	core
MTBC_2425	core
MTBC_2426	core
MTBC_2427	accessory
MTBC_2428	accessory
MTBC_2429	core
MTBC_2430	core
MTBC_2431	accessory
MTBC_2432	core
MTBC_2433	accessory
MTBC_2434	accessory
MTBC_2435	core
MTBC_2436	core
MTBC_2437	core
MTBC_2438	accessory
MTBC_2439	core
MTBC_2440	core
MTBC_2441	accessory
MTBC_2442	core
MTBC_2443	core
MTBC_2444	core
MTBC_2445	core
MTBC_2446	core
MTBC_2447	core
MTBC_2448	core
MTBC_2449	core
MTBC_2450	accessory
MTBC_2451	core
MTBC_2452	core
MTBC_2453	core
MTBC_2454	core
MTBC_2455	accessory
MTBC_2456	accessory
MTBC_2457	core
MTBC_2458	core
MTBC_2459	core
MTBC_2460	accessory
MTBC_2461	accessory
MTBC_2462	accessory
MTBC_2463	accessory
MTBC_2464	accessory
MTBC_2465	core
MTBC_2466	accessory
MTBC_2467	core
MTBC_2468	core
MTBC_2469	core
MTBC_2470	accessory
MTBC_2471	core
MTBC_2472	core
MTBC_2473	core
MTBC_2474	accessory
MTBC_2475	core
MTBC_2476	accessory
MTBC_2477	core
MTBC_2478	accessory
MTBC_2479	core
MTBC_2480	accessory
MTBC_2481	core
MTBC_2482	core
MTBC_2483	accessory
MTBC_2484	accessory
MTBC_2485	core
MTBC_2486	core
MTBC_2487	core
MTBC_2488	accessory
MTBC_2489	accessory
MTBC_2490	core
MTBC_2491	core
MTBC_2492	accessory
MTBC_2493	accessory
MTBC_2494	core
MTBC_2495	accessory
MTBC_2496	accessory
MTBC_2497	core
MTBC_2498	core
MTBC_2499	accessory
MTBC_2500	accessory
MTBC_2501	core
MTBC_2502	core
MTBC_2503	core
MTBC_2504	accessory
MTBC_2505	accessory
MTBC_2506	core
MTBC_2507	core
MTBC_2508	core
MTBC_2509	core
MTBC_2510	core
MTBC_2511	core
MTBC_2512	core
MTBC_2513	core
MTBC_2514	accessory
MTBC_2515	accessory
MTBC_2516	accessory
MTBC_2517	accessory
MTBC_2518	accessory
MTBC_2519	core
MTBC_2520	accessory
MTBC_2521	core
MTBC_2522	core
MTBC_2523	accessory
MTBC_2524	core
MTBC_2525	core
MTBC_2526	core
MTBC_2527	core
MTBC_2528	accessory
MTBC_2529	accessory
MTBC_2530	accessory
MTBC_2531	core
MTBC_2532	core
MTBC_2533	core
MTBC_2534	core
MTBC_2535	core
MTBC_2536	core
MTBC_2537	accessory
MTBC_2538	core
MTBC_2539	core
MTBC_2540	accessory
MTBC_2541	accessory
MTBC_2542	core
MTBC_2543	accessory
MTBC_2544	core
MTBC_2545	core
MTBC_2546	core
MTBC_2547	core
MTBC_2548	core
MTBC_2549	core
MTBC_2550	core
MTBC_2551	core
MTBC_2552	core
MTBC_2553	accessory
MTBC_2554	accessory
MTBC_2555	accessory
MTBC_2556	accessory
MTBC_2557	accessory
MTBC_2558	core
MTBC_2559	accessory
MTBC_2560	accessory
MTBC_2561	accessory
MTBC_2562	accessory
MTBC_2563	accessory
MTBC_2564	accessory
MTBC_2565	core
MTBC_2566	core
MTBC_2567	accessory
MTBC_2568	core
MTBC_2569	accessory
MTBC_2570	core
MTBC_2571	accessory
MTBC_2572	core
MTBC_2573	accessory
MTBC_2574	accessory
MTBC_2575	accessory
MTBC_2576	accessory
MTBC_2577	accessory
MTBC_2578	accessory
MTBC_2579	accessory
MTBC_2580	accessory
MTBC_2581	accessory
MTBC_2582	core
MTBC_2583	accessory
MTBC_2584	core
MTBC_2585	accessory
MTBC_2586	accessory
MTBC_2587	accessory
MTBC_2588	accessory
MTBC_2589	core
MTBC_2590	accessory
MTBC_2591	accessory
MTBC_2592	core
MTBC_2593	core
MTBC_2594	accessory
MTBC_2595	accessory
MTBC_2596	core
MTBC_2597	core
MTBC_2598	accessory
MTBC_2599	accessory
MTBC_2600	core
MTBC_2601	core
MTBC_2602	core
MTBC_2603	core
MTBC_2604	core
MTBC_2605	core
MTBC_2606	core
MTBC_2607	core
MTBC_2608	accessory
MTBC_2609	core
MTBC_2610	core
MTBC_2611	core
MTBC_2612	core
MTBC_2613	core
MTBC_2614	core
MTBC_2615	core
MTBC_2616	core
MTBC_2617	core
MTBC_2618	core
MTBC_2619	core
MTBC_2620	core
MTBC_2621	core
MTBC_2622	accessory
MTBC_2623	core
MTBC_2624	core
MTBC_2625	core
MTBC_2626	core
MTBC_2627	core
MTBC_2628	accessory
MTBC_2629	core
MTBC_2630	core
MTBC_2631	core
MTBC_2632	core
MTBC_2633	core
MTBC_2634	core
MTBC_2635	core
MTBC_2636	core
MTBC_2637	accessory
MTBC_2638	core
MTBC_2639	accessory
MTBC_2640	core
MTBC_2641	accessory
MTBC_2642	core
MTBC_2643	accessory
MTBC_2644	accessory
MTBC_2645	accessory
MTBC_2646	core
MTBC_2647	core
MTBC_2648	core
MTBC_2649	accessory
MTBC_2650	accessory
MTBC_2651	core
MTBC_2652	core
MTBC_2653	core
MTBC_2654	accessory
MTBC_2655	core
MTBC_2656	core
MTBC_2657	core
MTBC_2658	core
MTBC_2659	core
MTBC_2660	core
MTBC_2661	core
MTBC_2662	core
MTBC_2663	core
MTBC_2664	accessory
MTBC_2665	accessory
MTBC_2666	core
MTBC_2667	accessory
MTBC_2668	core
MTBC_2669	core
MTBC_2670	accessory
MTBC_2671	accessory
MTBC_2672	core
MTBC_2673	core
MTBC_2674	core
MTBC_2675	accessory
MTBC_2676	accessory
MTBC_2677	accessory
MTBC_2678	core
MTBC_2679	core
MTBC_2680	core
MTBC_2681	core
MTBC_2682	core
MTBC_2683	core
MTBC_2684	core
MTBC_2685	core
MTBC_2686	accessory
MTBC_2687	accessory
MTBC_2688	core
MTBC_2689	core
MTBC_2690	core
MTBC_2691	core
MTBC_2692	core
MTBC_2693	core
MTBC_2694	core
MTBC_2695	core
MTBC_2696	core
MTBC_2697	core
MTBC_2698	core
MTBC_2699	core
MTBC_2700	accessory
MTBC_2701	core
MTBC_2702	core
MTBC_2703	core
MTBC_2704	accessory
MTBC_2705	core
MTBC_2706	core
MTBC_2707	core
MTBC_2708	accessory
MTBC_2709	core
MTBC_2710	core
MTBC_2711	core
MTBC_2712	core
MTBC_2713	core
MTBC_2714	core
MTBC_2715	core
MTBC_2716	core
MTBC_2717	core
MTBC_2718	core
MTBC_2719	core
MTBC_2720	core
MTBC_2721	core
MTBC_2722	core
MTBC_2723	core
MTBC_2724	core
MTBC_2725	core
MTBC_2726	core
MTBC_2727	core
MTBC_2728	core
MTBC_2729	accessory
MTBC_2730	core
MTBC_2731	core
MTBC_2732	core
MTBC_2733	core
MTBC_2734	core
MTBC_2735	core
MTBC_2736	core
MTBC_2737	core
MTBC_2738	core
MTBC_2739	core
MTBC_2740	core
MTBC_2741	core
MTBC_2742	accessory
MTBC_2743	accessory
MTBC_2744	core
MTBC_2745	core
MTBC_2746	core
MTBC_2747	core
MTBC_2748	accessory
MTBC_2749	core
MTBC_2750	core
MTBC_2751	core
MTBC_2752	accessory
MTBC_2753	core
MTBC_2754	accessory
MTBC_2755	core
MTBC_2756	core
MTBC_2757	core
MTBC_2758	core
MTBC_2759	accessory
MTBC_2760	core
MTBC_2761	core
MTBC_2762	core
MTBC_2763	core
MTBC_2764	core
MTBC_2765	core
MTBC_2766	core
MTBC_2767	core
MTBC_2768	core
MTBC_2769	core
MTBC_2770	core
MTBC_2771	core
MTBC_2772	core
MTBC_2773	core
MTBC_2774	core
MTBC_2775	core
MTBC_2776	accessory
MTBC_2777	core
MTBC_2778	core
MTBC_2779	core
MTBC_2780	core
MTBC_2781	core
MTBC_2782	core
MTBC_2783	core
MTBC_2784	core
MTBC_2785	accessory
MTBC_2786	core
MTBC_2787	core
MTBC_2788	core
MTBC_2789	core
MTBC_2790	core
MTBC_2791	accessory
MTBC_2792	accessory
MTBC_2793	accessory
MTBC_2794	core
MTBC_2795	core
MTBC_2796	core
MTBC_2797	core
MTBC_2798	core
MTBC_2799	core
MTBC_2800	core
MTBC_2801	core
MTBC_2802	core
MTBC_2803	accessory
MTBC_2804	core
MTBC_2805	core
MTBC_2806	core
MTBC_2807	core
MTBC_2808	core
MTBC_2809	core
MTBC_2810	core
MTBC_2811	core
MTBC_2812	accessory
MTBC_2813	accessory
MTBC_2814	accessory
MTBC_2815	core
MTBC_2816	core
MTBC_2817	core
MTBC_2818	core
MTBC_2819	core
MTBC_2820	core
MTBC_2821	core
MTBC_2822	core
MTBC_2823	core
MTBC_2824	accessory
MTBC_2825	core
MTBC_2826	core
MTBC_2827	core
MTBC_2828	core
MTBC_2829	accessory
MTBC_2830	core
MTBC_2831	accessory
MTBC_2832	core
MTBC_2833	core
MTBC_2834	accessory
MTBC_2835	core
MTBC_2836	core
MTBC_2837	core
MTBC_2838	core
MTBC_2839	core
MTBC_2840	core
MTBC_2841	accessory
MTBC_2842	accessory
MTBC_2843	accessory
MTBC_2844	accessory
MTBC_2845	core
MTBC_2846	core
MTBC_2847	core
MTBC_2848	core
MTBC_2849	core
MTBC_2850	core
MTBC_2851	core
MTBC_2852	core
MTBC_2853	core
MTBC_2854	core
MTBC_2855	accessory
MTBC_2856	core
MTBC_2857	core
MTBC_2858	core
MTBC_2859	core
MTBC_2860	core
MTBC_2861	core
MTBC_2862	accessory
MTBC_2863	core
MTBC_2864	accessory
MTBC_2865	accessory
MTBC_2866	accessory
MTBC_2867	core
MTBC_2868	core
MTBC_2869	core
MTBC_2870	core
MTBC_2871	core
MTBC_2872	core
MTBC_2873	core
MTBC_2874	core
MTBC_2875	core
MTBC_2876	core
MTBC_2877	core
MTBC_2878	core
MTBC_2879	core
MTBC_2880	core
MTBC_2881	core
MTBC_2882	core
MTBC_2883	accessory
MTBC_2884	core
MTBC_2885	core
MTBC_2886	core
MTBC_2887	core
MTBC_2888	core
MTBC_2889	core
MTBC_2890	core
MTBC_2891	core
MTBC_2892	core
MTBC_2893	core
MTBC_2894	core
MTBC_2895	core
MTBC_2896	core
MTBC_2897	core
MTBC_2898	core
MTBC_2899	core
MTBC_2900	core
MTBC_2901	core
MTBC_2902	accessory
MTBC_2903	core
MTBC_2904	accessory
MTBC_2905	core
MTBC_2906	core
MTBC_2907	core
MTBC_2908	core
MTBC_2909	core
MTBC_2910	core
MTBC_2911	core
MTBC_2912	core
MTBC_2913	core
MTBC_2914	core
MTBC_2915	accessory
MTBC_2916	core
MTBC_2917	core
MTBC_2918	core
MTBC_2919	core
MTBC_2920	core
MTBC_2921	core
MTBC_2922	core
MTBC_2923	core
MTBC_2924	core
MTBC_2925	core
MTBC_2926	core
MTBC_2927	core
MTBC_2928	accessory
MTBC_2929	core
MTBC_2930	core
MTBC_2931	core
MTBC_2932	core
MTBC_2933	core
MTBC_2934	core
MTBC_2935	core
MTBC_2936	core
MTBC_2937	core
MTBC_2938	core
MTBC_2939	core
MTBC_2940	core
MTBC_2941	core
MTBC_2942	core
MTBC_2943	core
MTBC_2944	core
MTBC_2945	core
MTBC_2946	core
MTBC_2947	core
MTBC_2948	core
MTBC_2949	core
MTBC_2950	accessory
MTBC_2951	core
MTBC_2952	core
MTBC_2953	core
MTBC_2954	core
MTBC_2955	core
MTBC_2956	core
MTBC_2957	core
MTBC_2958	core
MTBC_2959	core
MTBC_2960	core
MTBC_2961	core
MTBC_2962	accessory
MTBC_2963	core
MTBC_2964	core
MTBC_2965	accessory
MTBC_2966	core
MTBC_2967	core
MTBC_2968	core
MTBC_2969	core
MTBC_2970	core
MTBC_2971	core
MTBC_2972	accessory
MTBC_2973	accessory
MTBC_2974	core
MTBC_2975	core
MTBC_2976	core
MTBC_2977	core
MTBC_2978	core
MTBC_2979	core
MTBC_2980	core
MTBC_2981	core
MTBC_2982	core
MTBC_2983	core
MTBC_2984	core
MTBC_2985	core
MTBC_2986	core
MTBC_2987	core
MTBC_2988	accessory
MTBC_2989	core
MTBC_2990	core
MTBC_2991	core
MTBC_2992	accessory
MTBC_2993	core
MTBC_2994	core
MTBC_2995	core
MTBC_2996	core
MTBC_2997	core
MTBC_2998	accessory
MTBC_2999	core
MTBC_3000	core
MTBC_3001	core
MTBC_3002	core
MTBC_3003	core
MTBC_3004	core
MTBC_3005	core
MTBC_3006	accessory
MTBC_3007	core
MTBC_3008	accessory
MTBC_3009	core
MTBC_3010	core
MTBC_3011	core
MTBC_3012	core
MTBC_3013	core
MTBC_3014	core
MTBC_3015	core
MTBC_3016	core
MTBC_3017	core
MTBC_3018	core
MTBC_3019	core
MTBC_3020	core
MTBC_3021	core
MTBC_3022	accessory
MTBC_3023	core
MTBC_3024	core
MTBC_3025	core
MTBC_3026	core
MTBC_3027	core
MTBC_3028	core
MTBC_3029	core
MTBC_3030	core
MTBC_3031	accessory
MTBC_3032	core
MTBC_3033	accessory
MTBC_3034	core
MTBC_3035	accessory
MTBC_3036	core
MTBC_3037	core
MTBC_3038	core
MTBC_3039	core
MTBC_3040	accessory
MTBC_3041	accessory
MTBC_3042	accessory
MTBC_3043	core
MTBC_3044	accessory
MTBC_3045	core
MTBC_3046	core
MTBC_3047	accessory
MTBC_3048	core
MTBC_3049	core
MTBC_3050	core
MTBC_3051	core
MTBC_3052	core
MTBC_3053	core
MTBC_3054	core
MTBC_3055	core
MTBC_3056	accessory
MTBC_3057	core
MTBC_3058	core
MTBC_3059	accessory
MTBC_3060	core
MTBC_3061	core
MTBC_3062	core
MTBC_3063	core
MTBC_3064	core
MTBC_3065	core
MTBC_3066	core
MTBC_3067	core
MTBC_3068	core
MTBC_3069	core
MTBC_3070	core
MTBC_3071	accessory
MTBC_3072	core
MTBC_3073	core
MTBC_3074	core
MTBC_3075	core
MTBC_3076	core
MTBC_3077	core
MTBC_3078	accessory
MTBC_3079	core
MTBC_3080	core
MTBC_3081	core
MTBC_3082	accessory
MTBC_3083	accessory
MTBC_3084	accessory
MTBC_3085	core
MTBC_3086	accessory
MTBC_3087	core
MTBC_3088	core
MTBC_3089	core
MTBC_3090	core
MTBC_3091	core
MTBC_3092	core
MTBC_3093	accessory
MTBC_3094	core
MTBC_3095	core
MTBC_3096	accessory
MTBC_3097	core
MTBC_3098	core
MTBC_3099	core
MTBC_3100	core
MTBC_3101	core
MTBC_3102	core
MTBC_3103	accessory
MTBC_3104	core
MTBC_3105	core
MTBC_3106	core
MTBC_3107	core
MTBC_3108	core
MTBC_3109	core
MTBC_3110	core
MTBC_3111	core
MTBC_3112	core
MTBC_3113	core
MTBC_3114	accessory
MTBC_3115	accessory
MTBC_3116	accessory
MTBC_3117	accessory
MTBC_3118	core
MTBC_3119	core
MTBC_3120	core
MTBC_3121	core
MTBC_3122	core
MTBC_3123	core
MTBC_3124	core
MTBC_3125	core
MTBC_3126	core
MTBC_3127	core
MTBC_3128	core
MTBC_3129	accessory
MTBC_3130	core
MTBC_3131	core
MTBC_3132	core
MTBC_3133	core
MTBC_3134	core
MTBC_3135	accessory
MTBC_3136	core
MTBC_3137	accessory
MTBC_3138	core
MTBC_3139	core
MTBC_3140	core
MTBC_3141	accessory
MTBC_3142	core
MTBC_3143	accessory
MTBC_3144	core
MTBC_3145	core
MTBC_3146	core
MTBC_3147	core
MTBC_3148	core
MTBC_3149	core
MTBC_3150	core
MTBC_3151	core
MTBC_3152	accessory
MTBC_3153	core
MTBC_3154	accessory
MTBC_3155	core
MTBC_3156	core
MTBC_3157	core
MTBC_3158	core
MTBC_3159	core
MTBC_3160	core
MTBC_3161	core
MTBC_3162	core
MTBC_3163	core
MTBC_3164	core
MTBC_3165	core
MTBC_3166	core
MTBC_3167	accessory
MTBC_3168	core
MTBC_3169	core
MTBC_3170	core
MTBC_3171	accessory
MTBC_3172	accessory
MTBC_3173	core
MTBC_3174	core
MTBC_3175	core
MTBC_3176	core
MTBC_3177	core
MTBC_3178	accessory
MTBC_3179	core
MTBC_3180	core
MTBC_3181	accessory
MTBC_3182	accessory
MTBC_3183	core
MTBC_3184	core
MTBC_3185	core
MTBC_3186	accessory
MTBC_3187	accessory
MTBC_3188	accessory
MTBC_3189	accessory
MTBC_3190	accessory
MTBC_3191	core
MTBC_3192	core
MTBC_3193	core
MTBC_3194	core
MTBC_3195	accessory
MTBC_3196	core
MTBC_3197	core
MTBC_3198	core
MTBC_3199	core
MTBC_3200	core
MTBC_3201	core
MTBC_3202	core
MTBC_3203	core
MTBC_3204	core
MTBC_3205	core
MTBC_3206	core
MTBC_3207	core
MTBC_3208	core
MTBC_3209	accessory
MTBC_3210	core
MTBC_3211	core
MTBC_3212	core
MTBC_3213	core
MTBC_3214	core
MTBC_3215	core
MTBC_3216	core
MTBC_3217	accessory
MTBC_3218	core
MTBC_3219	core
MTBC_3220	accessory
MTBC_3221	core
MTBC_3222	core
MTBC_3223	core
MTBC_3224	core
MTBC_3225	core
MTBC_3226	accessory
MTBC_3227	core
MTBC_3228	core
MTBC_3229	core
MTBC_3230	core
MTBC_3231	core
MTBC_3232	core
MTBC_3233	core
MTBC_3234	core
MTBC_3235	core
MTBC_3236	accessory
MTBC_3237	core
MTBC_3238	accessory
MTBC_3239	core
MTBC_3240	core
MTBC_3241	core
MTBC_3242	core
MTBC_3243	core
MTBC_3244	core
MTBC_3245	core
MTBC_3246	core
MTBC_3247	core
MTBC_3248	core
MTBC_3249	core
MTBC_3250	core
MTBC_3251	core
MTBC_3252	accessory
MTBC_3253	core
MTBC_3254	core
MTBC_3255	accessory
MTBC_3256	accessory
MTBC_3257	accessory
MTBC_3258	core
MTBC_3259	core
MTBC_3260	accessory
MTBC_3261	core
MTBC_3262	accessory
MTBC_3263	core
MTBC_3264	core
MTBC_3265	core
MTBC_3266	core
MTBC_3267	core
MTBC_3268	accessory
MTBC_3269	core
MTBC_3270	core
MTBC_3271	core
MTBC_3272	core
MTBC_3273	core
MTBC_3274	core
MTBC_3275	core
MTBC_3276	accessory
MTBC_3277	core
MTBC_3278	accessory
MTBC_3279	core
MTBC_3280	accessory
MTBC_3281	core
MTBC_3282	core
MTBC_3283	core
MTBC_3284	core
MTBC_3285	core
MTBC_3286	core
MTBC_3287	core
MTBC_3288	accessory
MTBC_3289	core
MTBC_3290	core
MTBC_3291	accessory
MTBC_3292	core
MTBC_3293	core
MTBC_3294	accessory
MTBC_3295	core
MTBC_3296	core
MTBC_3297	core
MTBC_3298	core
MTBC_3299	core
MTBC_3300	accessory
MTBC_3301	core
MTBC_3302	core
MTBC_3303	core
MTBC_3304	core
MTBC_3305	core
MTBC_3306	core
MTBC_3307	core
MTBC_3308	core
MTBC_3309	core
MTBC_3310	core
MTBC_3311	core
MTBC_3312	core
MTBC_3313	core
MTBC_3314	core
MTBC_3315	core
MTBC_3316	core
MTBC_3317	core
MTBC_3318	core
MTBC_3319	core
MTBC_3320	core
MTBC_3321	core
MTBC_3322	core
MTBC_3323	core
MTBC_3324	core
MTBC_3325	core
MTBC_3326	core
MTBC_3327	core
MTBC_3328	core
MTBC_3329	accessory
MTBC_3330	core
MTBC_3331	core
MTBC_3332	core
MTBC_3333	core
MTBC_3334	core
MTBC_3335	core
MTBC_3336	core
MTBC_3337	core
MTBC_3338	accessory
MTBC_3339	core
MTBC_3340	core
MTBC_3341	core
MTBC_3342	core
MTBC_3343	core
MTBC_3344	core
MTBC_3345	core
MTBC_3346	core
MTBC_3347	core
MTBC_3348	core
MTBC_3349	core
MTBC_3350	core
MTBC_3351	accessory
MTBC_3352	accessory
MTBC_3353	core
MTBC_3354	core
MTBC_3355	core
MTBC_3356	core
MTBC_3357	core
MTBC_3358	core
MTBC_3359	core
MTBC_3360	core
MTBC_3361	core
MTBC_3362	core
MTBC_3363	accessory
MTBC_3364	core
MTBC_3365	accessory
MTBC_3366	core
MTBC_3367	core
MTBC_3368	core
MTBC_3369	accessory
MTBC_3370	core
MTBC_3371	accessory
MTBC_3372	accessory
MTBC_3373	core
MTBC_3374	core
MTBC_3375	core
MTBC_3376	accessory
MTBC_3377	core
MTBC_3378	core
MTBC_3379	accessory
MTBC_3380	core
MTBC_3381	core
MTBC_3382	core
MTBC_3383	core
MTBC_3384	core
MTBC_3385	core
MTBC_3386	core
MTBC_3387	core
MTBC_3388	core
MTBC_3389	core
MTBC_3390	core
MTBC_3391	accessory
MTBC_3392	core
MTBC_3393	core
MTBC_3394	core
MTBC_3395	accessory
MTBC_3396	core
MTBC_3397	core
MTBC_3398	core
MTBC_3399	core
MTBC_3400	accessory
